Job Title,Company Name,Location
Senior Full Stack Python Engineer,Amwal Tech -,"Cairo, Egypt "
Python Developer,OdooTec -,"New Cairo, Cairo, Egypt "
Python - Odoo Developer,Be In Track -,"Ain Shams, Cairo, Egypt "
Python Developer (FinTech),Bright Creations -,"Smart Village, Giza, Egypt "
"Senior Python,Django Back-End Developer",Your Parts -,"Maadi, Cairo, Egypt "
Senior Python Developer (Relocation),Musala Soft -,"Sofia, Bulgaria "
Regular Python Developer,Luxoft (A DXC Technology Company) -,"Cairo, Egypt "
Senior Software Engineer - Python,ITWORX -,"Nasr City, Cairo, Egypt "
Senior Full Stack React/ Python (Django) Developer - Remote,GetTechForce.com -,"Cairo, Egypt "
Python Developer,GetTechForce.com -,"Cairo, Egypt "
Senior Full Stack Python Developer,Luftborn -,"Heliopolis, Cairo, Egypt "
Senior Java/ Scala Backend Developer with Python experience- Remote,GetTechForce.com -,"Cairo, Egypt "
Senior Python Developer,Trufla -,"Heliopolis, Cairo, Egypt "
Python Developer,Synergy Markets -,"New Cairo, Cairo, Egypt "
Software Engineer (Python),Tam Development LLC -,"Riyadh, Saudi Arabia "
